Date,Sales,Holiday,Temperature,Promotion,Year,Month,Day,DayOfWeek,IsWeekEnd,Sales_Per_Temperature,Promotion_Holiday
2022-01-01,16795,0,28.0,0,2022,1,1,5,1,599.82,0
2022-01-02,1860,1,12.9,0,2022,1,2,6,1,144.19,0
2022-01-03,39158,0,21.3,0,2022,1,3,0,0,1838.4,0
2022-01-04,45732,0,26.5,1,2022,1,4,1,0,1725.74,0
2022-01-05,12284,0,21.7,0,2022,1,5,2,0,566.08,0
2022-01-06,7265,0,14.9,0,2022,1,6,3,0,487.58,0
2022-01-07,17850,0,18.2,0,2022,1,7,4,0,980.77,0
2022-01-08,38194,0,37.8,1,2022,1,8,5,1,1010.42,0
2022-01-09,22962,0,30.3,1,2022,1,9,6,1,757.82,0
2022-01-10,48191,0,24.9,0,2022,1,10,0,0,1935.38,0
2022-01-11,45131,0,10.4,1,2022,1,11,1,0,4339.52,0
2022-01-12,17023,0,39.8,0,2022,1,12,2,0,427.71,0
2022-01-13,42090,0,30.1,0,2022,1,13,3,0,1398.34,0
2022-01-14,2685,0,19.5,0,2022,1,14,4,0,137.69,0
2022-01-15,1769,0,36.4,0,2022,1,15,5,1,48.6,0
2022-01-16,3433,0,17.8,1,2022,1,16,6,1,192.87,0
2022-01-17,6311,0,26.3,0,2022,1,17,0,0,239.96,0
2022-01-18,38819,1,29.1,0,2022,1,18,1,0,1333.99,0
2022-01-19,40188,0,16.6,1,2022,1,19,2,0,2420.96,0
2022-01-20,18568,0,39.4,0,2022,1,20,3,0,471.27,0
2022-01-21,20769,0,32.4,0,2022,1,21,4,0,641.02,0
2022-01-22,29693,1,26.7,0,2022,1,22,5,1,1112.1,0
2022-01-23,7396,0,15.4,0,2022,1,23,6,1,480.26,0
2022-01-24,28480,0,11.6,0,2022,1,24,0,0,2455.17,0
2022-01-25,42434,0,19.6,0,2022,1,25,1,0,2165.0,0
2022-01-26,26658,0,32.6,0,2022,1,26,2,0,817.73,0
2022-01-27,19942,0,18.1,0,2022,1,27,3,0,1101.77,0
2022-01-28,19431,0,26.2,1,2022,1,28,4,0,741.64,0
2022-01-29,3747,0,31.8,0,2022,1,29,5,1,117.83,0
2022-01-30,1189,0,13.2,0,2022,1,30,6,1,90.08,0
2022-01-31,20118,0,30.6,0,2022,1,31,0,0,657.45,0
2022-02-01,36773,0,12.8,0,2022,2,1,1,0,2872.89,0
2022-02-02,2899,0,39.0,0,2022,2,2,2,0,74.33,0
2022-02-03,2267,0,24.7,0,2022,2,3,3,0,91.78,0
2022-02-04,32551,0,14.5,0,2022,2,4,4,0,2244.9,0
2022-02-05,12394,0,20.3,1,2022,2,5,5,1,610.54,0
2022-02-06,4556,0,22.4,0,2022,2,6,6,1,203.39,0
2022-02-07,4890,0,32.7,1,2022,2,7,0,0,149.54,0
2022-02-08,42606,0,32.3,0,2022,2,8,1,0,1319.07,0
2022-02-09,31740,0,28.4,1,2022,2,9,2,0,1117.61,0
2022-02-10,15502,0,13.2,0,2022,2,10,3,0,1174.39,0
2022-02-11,22777,0,14.5,1,2022,2,11,4,0,1570.83,0
2022-02-12,11627,0,12.8,0,2022,2,12,5,1,908.36,0
2022-02-13,9792,0,27.3,0,2022,2,13,6,1,358.68,0
2022-02-14,44323,0,36.3,0,2022,2,14,0,0,1221.02,0
2022-02-15,44021,0,23.0,1,2022,2,15,1,0,1913.96,0
2022-02-16,9433,1,14.8,0,2022,2,16,2,0,637.36,0
2022-02-17,44001,0,26.7,0,2022,2,17,3,0,1647.98,0
2022-02-18,12016,0,34.4,0,2022,2,18,4,0,349.3,0
2022-02-19,24897,0,32.3,0,2022,2,19,5,1,770.8,0
2022-02-20,3612,0,36.4,0,2022,2,20,6,1,99.23,0
2022-02-21,24483,0,18.3,0,2022,2,21,0,0,1337.87,0
2022-02-22,49555,1,15.8,1,2022,2,22,1,0,3136.39,1
2022-02-23,18159,0,36.4,1,2022,2,23,2,0,498.87,0
2022-02-24,45974,0,29.7,1,2022,2,24,3,0,1547.95,0
2022-02-25,41994,0,19.3,0,2022,2,25,4,0,2175.85,0
2022-02-26,15541,0,32.3,1,2022,2,26,5,1,481.15,0
2022-02-27,36920,0,34.5,1,2022,2,27,6,1,1070.14,0
2022-02-28,27531,0,28.4,0,2022,2,28,0,0,969.4,0
2022-03-01,2585,1,30.6,0,2022,3,1,1,0,84.48,0
2022-03-02,4943,0,21.3,0,2022,3,2,2,0,232.07,0
2022-03-03,24939,0,26.2,1,2022,3,3,3,0,951.87,0
2022-03-04,20457,0,25.7,0,2022,3,4,4,0,795.99,0
2022-03-05,2021,0,35.4,0,2022,3,5,5,1,57.09,0
2022-03-06,12653,0,35.2,0,2022,3,6,6,1,359.46,0
2022-03-07,44573,0,35.0,1,2022,3,7,0,0,1273.51,0
2022-03-08,14417,0,10.3,1,2022,3,8,1,0,1399.71,0
2022-03-09,41757,0,32.5,1,2022,3,9,2,0,1284.83,0
2022-03-10,10692,0,32.8,0,2022,3,10,3,0,325.98,0
2022-03-11,46758,1,30.4,0,2022,3,11,4,0,1538.09,0
2022-03-12,7873,0,32.7,0,2022,3,12,5,1,240.76,0
2022-03-13,6675,0,35.3,0,2022,3,13,6,1,189.09,0
2022-03-14,1161,0,24.1,0,2022,3,14,0,0,48.17,0
2022-03-15,38065,0,25.1,0,2022,3,15,1,0,1516.53,0
2022-03-16,27557,0,13.7,0,2022,3,16,2,0,2011.46,0
2022-03-17,34763,0,21.6,0,2022,3,17,3,0,1609.4,0
2022-03-18,33606,0,29.3,1,2022,3,18,4,0,1146.96,0
2022-03-19,12534,0,33.4,0,2022,3,19,5,1,375.27,0
2022-03-20,30127,0,16.5,1,2022,3,20,6,1,1825.88,0
2022-03-21,41397,0,14.1,0,2022,3,21,0,0,2935.96,0
2022-03-22,26851,0,29.9,0,2022,3,22,1,0,898.03,0
2022-03-23,2016,0,10.1,0,2022,3,23,2,0,199.6,0
2022-03-24,25253,0,15.4,0,2022,3,24,3,0,1639.81,0
2022-03-25,25276,0,10.9,0,2022,3,25,4,0,2318.9,0
2022-03-26,24247,0,15.0,0,2022,3,26,5,1,1616.47,0
2022-03-27,25300,0,15.4,0,2022,3,27,6,1,1642.86,0
2022-03-28,9529,1,21.6,0,2022,3,28,0,0,441.16,0
2022-03-29,18262,1,22.1,0,2022,3,29,1,0,826.33,0
2022-03-30,10268,0,36.2,1,2022,3,30,2,0,283.65,0
2022-03-31,22271,0,25.3,1,2022,3,31,3,0,880.28,0
2022-04-01,13185,1,31.7,1,2022,4,1,4,0,415.93,1
2022-04-02,22243,0,13.1,0,2022,4,2,5,1,1697.94,0
2022-04-03,40099,0,16.8,1,2022,4,3,6,1,2386.85,0
2022-04-04,9571,1,31.1,1,2022,4,4,0,0,307.75,1
2022-04-05,40976,0,11.6,0,2022,4,5,1,0,3532.41,0
2022-04-06,39044,0,24.6,1,2022,4,6,2,0,1587.15,0
2022-04-07,49984,0,28.0,0,2022,4,7,3,0,1785.14,0
2022-04-08,41774,0,28.1,1,2022,4,8,4,0,1486.62,0
2022-04-09,3568,0,10.7,1,2022,4,9,5,1,333.46,0
2022-04-10,3027,0,19.7,0,2022,4,10,6,1,153.65,0
2022-04-11,3695,0,29.1,0,2022,4,11,0,0,126.98,0
2022-04-12,49190,0,14.5,1,2022,4,12,1,0,3392.41,0
2022-04-13,6258,0,30.9,0,2022,4,13,2,0,202.52,0
2022-04-14,23002,0,32.4,0,2022,4,14,3,0,709.94,0
2022-04-15,40504,1,39.5,1,2022,4,15,4,0,1025.42,1
2022-04-16,34159,0,16.3,0,2022,4,16,5,1,2095.64,0
2022-04-17,14986,0,34.8,0,2022,4,17,6,1,430.63,0
2022-04-18,13666,1,25.6,0,2022,4,18,0,0,533.83,0
2022-04-19,39660,0,21.2,0,2022,4,19,1,0,1870.75,0
2022-04-20,4561,0,13.7,0,2022,4,20,2,0,332.92,0
2022-04-21,27854,0,32.1,0,2022,4,21,3,0,867.73,0
2022-04-22,39952,0,17.1,0,2022,4,22,4,0,2336.37,0
2022-04-23,23662,0,21.1,0,2022,4,23,5,1,1121.42,0
2022-04-24,9392,0,11.9,1,2022,4,24,6,1,789.24,0
2022-04-25,31535,0,34.0,0,2022,4,25,0,0,927.5,0
2022-04-26,14067,0,33.0,0,2022,4,26,1,0,426.27,0
2022-04-27,49033,0,32.0,0,2022,4,27,2,0,1532.28,0
2022-04-28,24599,0,19.0,0,2022,4,28,3,0,1294.68,0
2022-04-29,36222,0,15.2,0,2022,4,29,4,0,2383.03,0
2022-04-30,12837,0,29.1,0,2022,4,30,5,1,441.13,0
2022-05-01,15039,0,24.9,1,2022,5,1,6,1,603.98,0
2022-05-02,31818,0,15.3,0,2022,5,2,0,0,2079.61,0
2022-05-03,20115,0,30.6,0,2022,5,3,1,0,657.35,0
2022-05-04,11965,0,39.7,0,2022,5,4,2,0,301.39,0
2022-05-05,25538,0,32.4,0,2022,5,5,3,0,788.21,0
2022-05-06,43530,0,32.2,0,2022,5,6,4,0,1351.86,0
2022-05-07,6056,0,38.5,0,2022,5,7,5,1,157.3,0
2022-05-08,33482,0,16.1,0,2022,5,8,6,1,2079.63,0
2022-05-09,48716,0,27.0,1,2022,5,9,0,0,1804.3,0
2022-05-10,9110,0,39.4,0,2022,5,10,1,0,231.22,0
2022-05-11,14773,0,15.0,0,2022,5,11,2,0,984.87,0
2022-05-12,28266,0,31.0,0,2022,5,12,3,0,911.81,0
2022-05-13,18412,0,27.6,0,2022,5,13,4,0,667.1,0
2022-05-14,34270,1,27.6,0,2022,5,14,5,1,1241.67,0
2022-05-15,7910,0,30.9,0,2022,5,15,6,1,255.99,0
2022-05-16,46453,0,37.9,0,2022,5,16,0,0,1225.67,0
2022-05-17,26446,1,33.5,0,2022,5,17,1,0,789.43,0
2022-05-18,1206,0,11.7,0,2022,5,18,2,0,103.08,0
2022-05-19,22518,1,35.6,0,2022,5,19,3,0,632.53,0
2022-05-20,23361,0,16.8,0,2022,5,20,4,0,1390.54,0
2022-05-21,24419,0,21.3,0,2022,5,21,5,1,1146.43,0
2022-05-22,49702,0,23.9,0,2022,5,22,6,1,2079.58,0
2022-05-23,42523,0,24.4,1,2022,5,23,0,0,1742.75,0
2022-05-24,46151,0,23.1,0,2022,5,24,1,0,1997.88,0
2022-05-25,23403,0,38.1,1,2022,5,25,2,0,614.25,0
2022-05-26,19141,0,31.2,0,2022,5,26,3,0,613.49,0
2022-05-27,15820,0,28.9,0,2022,5,27,4,0,547.4,0
2022-05-28,41342,1,11.5,0,2022,5,28,5,1,3594.96,0
2022-05-29,7374,0,37.1,0,2022,5,29,6,1,198.76,0
2022-05-30,2678,0,37.3,0,2022,5,30,0,0,71.8,0
2022-05-31,34827,0,33.4,1,2022,5,31,1,0,1042.72,0
2022-06-01,17198,1,10.2,0,2022,6,1,2,0,1686.08,0
2022-06-02,10914,0,11.7,1,2022,6,2,3,0,932.82,0
2022-06-03,28890,0,16.8,0,2022,6,3,4,0,1719.64,0
2022-06-04,23299,1,13.9,1,2022,6,4,5,1,1676.19,1
2022-06-05,44585,1,22.0,0,2022,6,5,6,1,2026.59,0
2022-06-06,44689,0,37.7,1,2022,6,6,0,0,1185.38,0
2022-06-07,43557,0,24.2,0,2022,6,7,1,0,1799.88,0
2022-06-08,45020,0,10.4,0,2022,6,8,2,0,4328.85,0
2022-06-09,3693,0,18.5,0,2022,6,9,3,0,199.62,0
2022-06-10,30467,0,11.3,1,2022,6,10,4,0,2696.19,0
2022-06-11,30723,0,11.1,0,2022,6,11,5,1,2767.84,0
2022-06-12,47699,0,18.3,1,2022,6,12,6,1,2606.5,0
2022-06-13,4627,0,18.3,0,2022,6,13,0,0,252.84,0
2022-06-14,26939,1,33.6,1,2022,6,14,1,0,801.76,1
2022-06-15,49925,0,39.2,1,2022,6,15,2,0,1273.6,0
2022-06-16,43941,0,21.1,1,2022,6,16,3,0,2082.51,0
2022-06-17,22834,1,22.9,0,2022,6,17,4,0,997.12,0
2022-06-18,19047,0,35.3,0,2022,6,18,5,1,539.58,0
2022-06-19,27105,0,18.0,1,2022,6,19,6,1,1505.83,0
2022-06-20,11230,0,14.7,0,2022,6,20,0,0,763.95,0
2022-06-21,16707,0,35.6,0,2022,6,21,1,0,469.3,0
2022-06-22,22976,0,11.4,0,2022,6,22,2,0,2015.44,0
2022-06-23,45262,0,28.6,1,2022,6,23,3,0,1582.59,0
2022-06-24,24776,0,26.9,0,2022,6,24,4,0,921.04,0
2022-06-25,31080,0,20.4,0,2022,6,25,5,1,1523.53,0
2022-06-26,2306,0,19.5,1,2022,6,26,6,1,118.26,0
2022-06-27,7776,1,33.2,0,2022,6,27,0,0,234.22,0
2022-06-28,28251,0,12.6,1,2022,6,28,1,0,2242.14,0
2022-06-29,10474,1,17.1,0,2022,6,29,2,0,612.51,0
2022-06-30,41294,0,32.0,0,2022,6,30,3,0,1290.44,0
2022-07-01,22959,0,26.4,0,2022,7,1,4,0,869.66,0
2022-07-02,6530,0,13.8,0,2022,7,2,5,1,473.19,0
2022-07-03,30320,1,36.5,1,2022,7,3,6,1,830.68,1
2022-07-04,4748,0,21.8,0,2022,7,4,0,0,217.8,0
2022-07-05,32968,0,34.8,0,2022,7,5,1,0,947.36,0
2022-07-06,33562,0,33.6,0,2022,7,6,2,0,998.87,0
2022-07-07,14545,0,28.7,0,2022,7,7,3,0,506.79,0
2022-07-08,1663,0,24.8,0,2022,7,8,4,0,67.06,0
2022-07-09,35766,0,39.4,0,2022,7,9,5,1,907.77,0
2022-07-10,8994,0,14.3,0,2022,7,10,6,1,628.95,0
2022-07-11,29021,0,31.8,1,2022,7,11,0,0,912.61,0
2022-07-12,31303,0,15.7,0,2022,7,12,1,0,1993.82,0
2022-07-13,4304,0,20.1,0,2022,7,13,2,0,214.13,0
2022-07-14,47576,0,19.3,0,2022,7,14,3,0,2465.08,0
2022-07-15,40353,1,38.4,1,2022,7,15,4,0,1050.86,1
2022-07-16,18675,0,39.0,0,2022,7,16,5,1,478.85,0
2022-07-17,45417,0,15.5,0,2022,7,17,6,1,2930.13,0
2022-07-18,24938,0,10.7,0,2022,7,18,0,0,2330.65,0
2022-07-19,24664,0,31.6,1,2022,7,19,1,0,780.51,0
2022-07-20,2636,0,22.5,0,2022,7,20,2,0,117.16,0
2022-07-21,21080,0,12.7,1,2022,7,21,3,0,1659.84,0
2022-07-22,28728,0,30.5,0,2022,7,22,4,0,941.9,0
2022-07-23,27736,0,26.4,0,2022,7,23,5,1,1050.61,0
2022-07-24,29673,0,39.4,1,2022,7,24,6,1,753.12,0
2022-07-25,38505,0,16.8,0,2022,7,25,0,0,2291.96,0
2022-07-26,48323,0,22.1,1,2022,7,26,1,0,2186.56,0
2022-07-27,47645,0,26.3,1,2022,7,27,2,0,1811.6,0
2022-07-28,1854,0,33.8,1,2022,7,28,3,0,54.85,0
2022-07-29,25548,0,26.5,0,2022,7,29,4,0,964.08,0
2022-07-30,39623,0,28.4,1,2022,7,30,5,1,1395.18,0
2022-07-31,8392,0,16.8,0,2022,7,31,6,1,499.52,0
2022-08-01,47717,0,35.4,1,2022,8,1,0,0,1347.94,0
2022-08-02,22556,0,22.9,0,2022,8,2,1,0,984.98,0
2022-08-03,39559,0,14.2,1,2022,8,3,2,0,2785.85,0
2022-08-04,27309,0,29.9,0,2022,8,4,3,0,913.34,0
2022-08-05,22919,0,16.5,0,2022,8,5,4,0,1389.03,0
2022-08-06,5931,0,12.9,0,2022,8,6,5,1,459.77,0
2022-08-07,33970,0,35.9,1,2022,8,7,6,1,946.24,0
2022-08-08,45215,0,23.8,0,2022,8,8,0,0,1899.79,0
2022-08-09,13688,1,32.5,0,2022,8,9,1,0,421.17,0
2022-08-10,26342,0,18.7,1,2022,8,10,2,0,1408.66,0
2022-08-11,38157,0,33.6,0,2022,8,11,3,0,1135.62,0
2022-08-12,3327,0,13.4,0,2022,8,12,4,0,248.28,0
2022-08-13,41772,0,20.7,0,2022,8,13,5,1,2017.97,0
2022-08-14,41545,0,39.3,0,2022,8,14,6,1,1057.12,0
2022-08-15,1197,0,33.8,0,2022,8,15,0,0,35.41,0
2022-08-16,24509,1,24.9,0,2022,8,16,1,0,984.3,0
2022-08-17,35698,0,20.2,0,2022,8,17,2,0,1767.23,0
2022-08-18,45542,0,36.2,0,2022,8,18,3,0,1258.07,0
2022-08-19,16087,1,26.3,1,2022,8,19,4,0,611.67,1
2022-08-20,23671,0,32.8,0,2022,8,20,5,1,721.68,0
2022-08-21,26184,1,32.6,0,2022,8,21,6,1,803.19,0
2022-08-22,28848,0,10.5,1,2022,8,22,0,0,2747.43,0
2022-08-23,43107,0,13.8,0,2022,8,23,1,0,3123.7,0
2022-08-24,21666,0,29.8,0,2022,8,24,2,0,727.05,0
2022-08-25,45357,0,14.8,1,2022,8,25,3,0,3064.66,0
2022-08-26,16708,0,17.7,1,2022,8,26,4,0,943.95,0
2022-08-27,27370,0,38.4,1,2022,8,27,5,1,712.76,0
2022-08-28,3811,0,26.8,1,2022,8,28,6,1,142.2,0
2022-08-29,48011,1,32.5,1,2022,8,29,0,0,1477.26,1
2022-08-30,7546,0,26.7,0,2022,8,30,1,0,282.62,0
2022-08-31,35754,0,26.6,1,2022,8,31,2,0,1344.14,0
2022-09-01,31206,0,12.8,0,2022,9,1,3,0,2437.97,0
2022-09-02,42106,0,20.3,1,2022,9,2,4,0,2074.19,0
2022-09-03,12411,0,18.5,0,2022,9,3,5,1,670.86,0
2022-09-04,3911,0,21.7,0,2022,9,4,6,1,180.23,0
2022-09-05,2734,0,34.0,0,2022,9,5,0,0,80.41,0
2022-09-06,19227,0,21.2,1,2022,9,6,1,0,906.93,0
2022-09-07,9680,0,23.6,0,2022,9,7,2,0,410.17,0
2022-09-08,20360,0,21.9,1,2022,9,8,3,0,929.68,0
2022-09-09,19343,0,12.8,1,2022,9,9,4,0,1511.17,0
2022-09-10,6759,0,23.2,0,2022,9,10,5,1,291.34,0
2022-09-11,24078,1,15.9,1,2022,9,11,6,1,1514.34,1
2022-09-12,36153,0,15.6,1,2022,9,12,0,0,2317.5,0
2022-09-13,12111,0,12.8,0,2022,9,13,1,0,946.17,0
2022-09-14,38504,0,20.7,0,2022,9,14,2,0,1860.1,0
2022-09-15,2802,0,32.7,0,2022,9,15,3,0,85.69,0
2022-09-16,9155,1,18.3,0,2022,9,16,4,0,500.27,0
2022-09-17,9120,0,19.4,0,2022,9,17,5,1,470.1,0
2022-09-18,40384,0,29.3,1,2022,9,18,6,1,1378.29,0
2022-09-19,48025,0,15.9,0,2022,9,19,0,0,3020.44,0
2022-09-20,48254,0,36.9,1,2022,9,20,1,0,1307.7,0
2022-09-21,22918,1,25.6,0,2022,9,21,2,0,895.23,0
2022-09-22,21445,0,23.4,0,2022,9,22,3,0,916.45,0
2022-09-23,31306,0,26.7,1,2022,9,23,4,0,1172.51,0
2022-09-24,17646,0,15.0,1,2022,9,24,5,1,1176.4,0
2022-09-25,47843,0,28.4,0,2022,9,25,6,1,1684.61,0
2022-09-26,32065,0,20.9,0,2022,9,26,0,0,1534.21,0
2022-09-27,26199,1,36.9,0,2022,9,27,1,0,710.0,0
2022-09-28,42976,1,15.1,0,2022,9,28,2,0,2846.09,0
2022-09-29,17371,0,25.2,0,2022,9,29,3,0,689.33,0
2022-09-30,12835,0,27.9,0,2022,9,30,4,0,460.04,0
2022-10-01,46936,0,11.0,0,2022,10,1,5,1,4266.91,0
2022-10-02,3049,0,20.9,1,2022,10,2,6,1,145.89,0
2022-10-03,32616,0,32.0,0,2022,10,3,0,0,1019.25,0
2022-10-04,39191,0,34.6,0,2022,10,4,1,0,1132.69,0
2022-10-05,48357,1,19.4,0,2022,10,5,2,0,2492.63,0
2022-10-06,21932,0,34.0,1,2022,10,6,3,0,645.06,0
2022-10-07,30855,0,39.0,1,2022,10,7,4,0,791.15,0
2022-10-08,8158,0,35.7,0,2022,10,8,5,1,228.52,0
2022-10-09,44016,0,13.5,1,2022,10,9,6,1,3260.44,0
2022-10-10,8400,0,32.2,0,2022,10,10,0,0,260.87,0
2022-10-11,43642,0,19.6,0,2022,10,11,1,0,2226.63,0
2022-10-12,16151,0,39.7,0,2022,10,12,2,0,406.83,0
2022-10-13,2154,0,24.6,0,2022,10,13,3,0,87.56,0
2022-10-14,5499,0,13.7,1,2022,10,14,4,0,401.39,0
2022-10-15,7295,0,31.8,1,2022,10,15,5,1,229.4,0
2022-10-16,13183,0,19.7,0,2022,10,16,6,1,669.19,0
2022-10-17,30299,0,39.9,0,2022,10,17,0,0,759.37,0
2022-10-18,13874,0,39.4,0,2022,10,18,1,0,352.13,0
2022-10-19,33711,0,29.7,0,2022,10,19,2,0,1135.05,0
2022-10-20,6539,0,13.9,0,2022,10,20,3,0,470.43,0
2022-10-21,43405,0,30.6,0,2022,10,21,4,0,1418.46,0
2022-10-22,49354,0,12.8,0,2022,10,22,5,1,3855.78,0
2022-10-23,3557,0,10.9,0,2022,10,23,6,1,326.33,0
2022-10-24,39360,1,34.7,0,2022,10,24,0,0,1134.29,0
2022-10-25,17482,0,16.3,0,2022,10,25,1,0,1072.52,0
2022-10-26,3200,0,21.4,1,2022,10,26,2,0,149.53,0
2022-10-27,47940,0,39.2,0,2022,10,27,3,0,1222.96,0
2022-10-28,3961,0,20.1,1,2022,10,28,4,0,197.06,0
2022-10-29,47975,0,18.9,0,2022,10,29,5,1,2538.36,0
2022-10-30,22357,0,37.5,1,2022,10,30,6,1,596.19,0
2022-10-31,12969,0,13.3,1,2022,10,31,0,0,975.11,0
2022-11-01,3869,0,32.8,0,2022,11,1,1,0,117.96,0
2022-11-02,47760,0,39.6,0,2022,11,2,2,0,1206.06,0
2022-11-03,29643,0,37.0,1,2022,11,3,3,0,801.16,0
2022-11-04,25736,1,29.6,0,2022,11,4,4,0,869.46,0
2022-11-05,39467,0,19.4,0,2022,11,5,5,1,2034.38,0
2022-11-06,24328,0,17.6,0,2022,11,6,6,1,1382.27,0
2022-11-07,26876,1,34.6,0,2022,11,7,0,0,776.76,0
2022-11-08,22295,0,36.4,0,2022,11,8,1,0,612.5,0
2022-11-09,4987,0,25.8,1,2022,11,9,2,0,193.29,0
2022-11-10,23399,0,17.3,0,2022,11,10,3,0,1352.54,0
2022-11-11,47214,1,13.4,0,2022,11,11,4,0,3523.43,0
2022-11-12,34986,0,12.6,1,2022,11,12,5,1,2776.67,0
2022-11-13,21880,0,31.6,0,2022,11,13,6,1,692.41,0
2022-11-14,5735,0,22.6,1,2022,11,14,0,0,253.76,0
2022-11-15,45064,0,37.2,0,2022,11,15,1,0,1211.4,0
2022-11-16,5555,0,32.2,0,2022,11,16,2,0,172.52,0
2022-11-17,42914,0,15.7,1,2022,11,17,3,0,2733.38,0
2022-11-18,41818,0,28.4,0,2022,11,18,4,0,1472.46,0
2022-11-19,46525,0,23.1,1,2022,11,19,5,1,2014.07,0
2022-11-20,20830,0,27.3,1,2022,11,20,6,1,763.0,0
2022-11-21,18429,0,32.1,1,2022,11,21,0,0,574.11,0
2022-11-22,7893,0,34.2,0,2022,11,22,1,0,230.79,0
2022-11-23,15373,0,35.3,1,2022,11,23,2,0,435.5,0
2022-11-24,48333,0,17.6,0,2022,11,24,3,0,2746.19,0
2022-11-25,4436,0,10.9,0,2022,11,25,4,0,406.97,0
2022-11-26,9754,0,32.2,1,2022,11,26,5,1,302.92,0
2022-11-27,11677,0,13.2,0,2022,11,27,6,1,884.62,0
2022-11-28,6895,1,19.4,1,2022,11,28,0,0,355.41,1
2022-11-29,20738,0,10.1,1,2022,11,29,1,0,2053.27,0
2022-11-30,31746,0,30.5,1,2022,11,30,2,0,1040.85,0
2022-12-01,49404,0,15.0,0,2022,12,1,3,0,3293.6,0
2022-12-02,33352,1,29.7,1,2022,12,2,4,0,1122.96,1
2022-12-03,40790,0,39.8,0,2022,12,3,5,1,1024.87,0
2022-12-04,42919,0,12.2,1,2022,12,4,6,1,3517.95,0
2022-12-05,6600,0,12.3,0,2022,12,5,0,0,536.59,0
2022-12-06,30124,0,20.2,0,2022,12,6,1,0,1491.29,0
2022-12-07,28643,1,36.0,0,2022,12,7,2,0,795.64,0
2022-12-08,41764,0,16.5,0,2022,12,8,3,0,2531.15,0
2022-12-09,10007,0,20.8,0,2022,12,9,4,0,481.11,0
2022-12-10,46714,0,12.1,1,2022,12,10,5,1,3860.66,0
2022-12-11,38410,1,32.9,0,2022,12,11,6,1,1167.48,0
2022-12-12,45080,1,22.2,0,2022,12,12,0,0,2030.63,0
2022-12-13,41447,0,32.8,0,2022,12,13,1,0,1263.63,0
2022-12-14,9208,1,37.1,0,2022,12,14,2,0,248.19,0
2022-12-15,19589,1,17.0,0,2022,12,15,3,0,1152.29,0
2022-12-16,44484,0,34.2,0,2022,12,16,4,0,1300.7,0
2022-12-17,18453,0,11.8,0,2022,12,17,5,1,1563.81,0
2022-12-18,37212,0,37.0,0,2022,12,18,6,1,1005.73,0
2022-12-19,44525,0,29.5,0,2022,12,19,0,0,1509.32,0
2022-12-20,48202,0,36.2,0,2022,12,20,1,0,1331.55,0
2022-12-21,33635,0,10.0,0,2022,12,21,2,0,3363.5,0
2022-12-22,34828,0,15.1,1,2022,12,22,3,0,2306.49,0
2022-12-23,19711,0,21.7,1,2022,12,23,4,0,908.34,0
2022-12-24,4420,0,21.4,0,2022,12,24,5,1,206.54,0
2022-12-25,32216,0,16.8,1,2022,12,25,6,1,1917.62,0
2022-12-26,1301,1,21.4,0,2022,12,26,0,0,60.79,0
2022-12-27,46236,0,13.9,0,2022,12,27,1,0,3326.33,0
2022-12-28,1699,0,22.4,1,2022,12,28,2,0,75.85,0
2022-12-29,1190,0,34.1,0,2022,12,29,3,0,34.9,0
2022-12-30,11492,0,24.4,1,2022,12,30,4,0,470.98,0
2022-12-31,36743,0,10.5,0,2022,12,31,5,1,3499.33,0
2023-01-01,7102,0,22.6,0,2023,1,1,6,1,314.25,0
2023-01-02,20778,0,10.8,0,2023,1,2,0,0,1923.89,0
2023-01-03,27641,0,39.0,1,2023,1,3,1,0,708.74,0
2023-01-04,35584,0,13.8,0,2023,1,4,2,0,2578.55,0
2023-01-05,33745,0,31.2,1,2023,1,5,3,0,1081.57,0
2023-01-06,24093,1,39.2,0,2023,1,6,4,0,614.62,0
2023-01-07,1569,1,34.8,0,2023,1,7,5,1,45.09,0
2023-01-08,39210,0,31.0,0,2023,1,8,6,1,1264.84,0
2023-01-09,35663,0,35.2,0,2023,1,9,0,0,1013.15,0
2023-01-10,37631,0,39.5,1,2023,1,10,1,0,952.68,0
2023-01-11,46681,0,28.6,0,2023,1,11,2,0,1632.2,0
2023-01-12,8455,1,26.8,1,2023,1,12,3,0,315.49,1
2023-01-13,5014,1,28.8,1,2023,1,13,4,0,174.1,1
2023-01-14,12093,0,26.0,0,2023,1,14,5,1,465.12,0
2023-01-15,19070,0,29.1,0,2023,1,15,6,1,655.33,0
2023-01-16,36777,0,23.5,0,2023,1,16,0,0,1564.98,0
2023-01-17,17538,0,16.6,0,2023,1,17,1,0,1056.51,0
2023-01-18,11729,0,13.6,0,2023,1,18,2,0,862.43,0
2023-01-19,35177,1,12.1,0,2023,1,19,3,0,2907.19,0
2023-01-20,46017,0,17.9,0,2023,1,20,4,0,2570.78,0
2023-01-21,1784,0,11.4,0,2023,1,21,5,1,156.49,0
2023-01-22,28751,1,27.0,0,2023,1,22,6,1,1064.85,0
2023-01-23,41864,0,18.5,0,2023,1,23,0,0,2262.92,0
2023-01-24,41328,0,34.7,0,2023,1,24,1,0,1191.01,0
2023-01-25,13533,0,12.2,1,2023,1,25,2,0,1109.26,0
2023-01-26,41111,0,16.8,0,2023,1,26,3,0,2447.08,0
2023-01-27,40974,0,31.9,0,2023,1,27,4,0,1284.45,0
2023-01-28,6801,0,28.0,1,2023,1,28,5,1,242.89,0
2023-01-29,20190,0,11.9,0,2023,1,29,6,1,1696.64,0
2023-01-30,39754,1,36.3,0,2023,1,30,0,0,1095.15,0
2023-01-31,30592,0,36.3,0,2023,1,31,1,0,842.75,0
2023-02-01,11647,1,19.9,0,2023,2,1,2,0,585.28,0
2023-02-02,9716,1,20.2,0,2023,2,2,3,0,480.99,0
2023-02-03,24355,0,39.7,0,2023,2,3,4,0,613.48,0
2023-02-04,23009,1,28.8,0,2023,2,4,5,1,798.92,0
2023-02-05,25376,0,25.9,0,2023,2,5,6,1,979.77,0
2023-02-06,46091,1,35.1,1,2023,2,6,0,0,1313.13,1
2023-02-07,5780,0,18.6,1,2023,2,7,1,0,310.75,0
2023-02-08,3368,0,22.9,0,2023,2,8,2,0,147.07,0
2023-02-09,13039,0,18.0,1,2023,2,9,3,0,724.39,0
2023-02-10,7655,1,33.7,0,2023,2,10,4,0,227.15,0
2023-02-11,41941,0,27.2,0,2023,2,11,5,1,1541.95,0
2023-02-12,5495,0,29.8,1,2023,2,12,6,1,184.4,0
2023-02-13,11893,1,17.6,0,2023,2,13,0,0,675.74,0
2023-02-14,26547,0,16.6,0,2023,2,14,1,0,1599.22,0
2023-02-15,23386,0,24.7,0,2023,2,15,2,0,946.8,0
2023-02-16,14403,0,32.1,0,2023,2,16,3,0,448.69,0
2023-02-17,33097,0,25.8,1,2023,2,17,4,0,1282.83,0
2023-02-18,14121,0,11.0,1,2023,2,18,5,1,1283.73,0
2023-02-19,11966,1,36.1,1,2023,2,19,6,1,331.47,1
2023-02-20,34621,0,11.9,1,2023,2,20,0,0,2909.33,0
2023-02-21,29312,0,38.7,0,2023,2,21,1,0,757.42,0
2023-02-22,23677,0,10.8,0,2023,2,22,2,0,2192.31,0
2023-02-23,32289,1,30.8,0,2023,2,23,3,0,1048.34,0
2023-02-24,32024,1,12.5,0,2023,2,24,4,0,2561.92,0
2023-02-25,43675,0,37.3,0,2023,2,25,5,1,1170.91,0
2023-02-26,5777,1,23.9,1,2023,2,26,6,1,241.72,1
2023-02-27,30749,0,14.1,0,2023,2,27,0,0,2180.78,0
2023-02-28,16338,0,20.2,0,2023,2,28,1,0,808.81,0
2023-03-01,3491,0,14.9,0,2023,3,1,2,0,234.3,0
2023-03-02,28236,1,15.1,0,2023,3,2,3,0,1869.93,0
2023-03-03,49096,0,38.4,1,2023,3,3,4,0,1278.54,0
2023-03-04,15599,0,23.4,0,2023,3,4,5,1,666.62,0
2023-03-05,20508,0,33.7,0,2023,3,5,6,1,608.55,0
2023-03-06,4051,0,29.2,1,2023,3,6,0,0,138.73,0
2023-03-07,49747,0,30.3,0,2023,3,7,1,0,1641.82,0
2023-03-08,22606,0,14.0,0,2023,3,8,2,0,1614.71,0
2023-03-09,22699,0,17.0,0,2023,3,9,3,0,1335.24,0
2023-03-10,1876,0,33.6,1,2023,3,10,4,0,55.83,0
2023-03-11,33093,0,39.1,0,2023,3,11,5,1,846.37,0
2023-03-12,5142,0,17.9,1,2023,3,12,6,1,287.26,0
2023-03-13,16202,0,18.1,1,2023,3,13,0,0,895.14,0
2023-03-14,40734,0,24.2,0,2023,3,14,1,0,1683.22,0
2023-03-15,8079,0,39.5,1,2023,3,15,2,0,204.53,0
2023-03-16,8987,0,18.1,1,2023,3,16,3,0,496.52,0
2023-03-17,40567,0,22.2,1,2023,3,17,4,0,1827.34,0
2023-03-18,29940,0,36.7,1,2023,3,18,5,1,815.8,0
2023-03-19,38233,0,10.1,0,2023,3,19,6,1,3785.45,0
2023-03-20,18019,0,11.2,0,2023,3,20,0,0,1608.84,0
2023-03-21,47185,0,28.1,0,2023,3,21,1,0,1679.18,0
2023-03-22,19077,0,37.2,0,2023,3,22,2,0,512.82,0
2023-03-23,27258,0,17.2,0,2023,3,23,3,0,1584.77,0
2023-03-24,22136,0,24.1,1,2023,3,24,4,0,918.51,0
2023-03-25,9311,0,23.5,1,2023,3,25,5,1,396.21,0
2023-03-26,18214,1,24.2,0,2023,3,26,6,1,752.64,0
2023-03-27,15098,0,28.7,1,2023,3,27,0,0,526.06,0
2023-03-28,29251,0,24.1,1,2023,3,28,1,0,1213.73,0
2023-03-29,38945,0,23.4,0,2023,3,29,2,0,1664.32,0
2023-03-30,48030,0,24.2,0,2023,3,30,3,0,1984.71,0
2023-03-31,26945,0,27.7,0,2023,3,31,4,0,972.74,0
2023-04-01,26316,0,26.1,1,2023,4,1,5,1,1008.28,0
2023-04-02,33217,1,35.6,0,2023,4,2,6,1,933.06,0
2023-04-03,9308,1,11.5,0,2023,4,3,0,0,809.39,0
2023-04-04,6949,0,35.0,0,2023,4,4,1,0,198.54,0
2023-04-05,2150,0,35.3,1,2023,4,5,2,0,60.91,0
2023-04-06,24944,0,18.5,1,2023,4,6,3,0,1348.32,0
2023-04-07,35699,0,23.9,1,2023,4,7,4,0,1493.68,0
2023-04-08,10204,0,23.2,1,2023,4,8,5,1,439.83,0
2023-04-09,2081,0,16.6,1,2023,4,9,6,1,125.36,0
2023-04-10,30305,0,21.9,1,2023,4,10,0,0,1383.79,0
2023-04-11,17896,0,11.3,1,2023,4,11,1,0,1583.72,0
2023-04-12,47175,0,18.3,1,2023,4,12,2,0,2577.87,0
2023-04-13,8805,0,34.5,0,2023,4,13,3,0,255.22,0
2023-04-14,6237,0,18.5,0,2023,4,14,4,0,337.14,0
2023-04-15,21056,0,34.5,0,2023,4,15,5,1,610.32,0
2023-04-16,46543,0,25.9,0,2023,4,16,6,1,1797.03,0
2023-04-17,46952,1,36.4,0,2023,4,17,0,0,1289.89,0
2023-04-18,4343,0,27.2,0,2023,4,18,1,0,159.67,0
2023-04-19,14500,1,10.9,1,2023,4,19,2,0,1330.28,1
2023-04-20,30375,0,30.3,1,2023,4,20,3,0,1002.48,0
2023-04-21,10662,0,11.3,1,2023,4,21,4,0,943.54,0
2023-04-22,17964,0,23.5,0,2023,4,22,5,1,764.43,0
2023-04-23,48893,0,37.9,0,2023,4,23,6,1,1290.05,0
2023-04-24,9130,0,15.0,0,2023,4,24,0,0,608.67,0
2023-04-25,20531,0,21.7,0,2023,4,25,1,0,946.13,0
2023-04-26,2679,0,31.9,0,2023,4,26,2,0,83.98,0
2023-04-27,4506,1,36.5,0,2023,4,27,3,0,123.45,0
2023-04-28,14284,1,30.1,1,2023,4,28,4,0,474.55,1
2023-04-29,8253,0,17.7,1,2023,4,29,5,1,466.27,0
2023-04-30,20128,0,30.2,0,2023,4,30,6,1,666.49,0
2023-05-01,28932,1,18.9,0,2023,5,1,0,0,1530.79,0
2023-05-02,10435,1,31.6,0,2023,5,2,1,0,330.22,0
2023-05-03,45078,1,38.6,0,2023,5,3,2,0,1167.82,0
2023-05-04,14296,0,31.6,1,2023,5,4,3,0,452.41,0
2023-05-05,31445,0,35.9,0,2023,5,5,4,0,875.91,0
2023-05-06,14245,0,10.1,0,2023,5,6,5,1,1410.4,0
2023-05-07,30124,0,31.5,0,2023,5,7,6,1,956.32,0
2023-05-08,30899,0,34.9,0,2023,5,8,0,0,885.36,0
2023-05-09,44919,0,11.2,0,2023,5,9,1,0,4010.63,0
2023-05-10,44225,0,36.1,1,2023,5,10,2,0,1225.07,0
2023-05-11,36247,1,17.7,0,2023,5,11,3,0,2047.85,0
2023-05-12,30222,0,30.0,0,2023,5,12,4,0,1007.4,0
2023-05-13,27211,0,34.0,0,2023,5,13,5,1,800.32,0
2023-05-14,38220,0,29.9,0,2023,5,14,6,1,1278.26,0
2023-05-15,27646,0,12.8,1,2023,5,15,0,0,2159.84,0
2023-05-16,39649,0,27.9,0,2023,5,16,1,0,1421.11,0
2023-05-17,24049,0,26.5,0,2023,5,17,2,0,907.51,0
2023-05-18,15069,0,37.0,0,2023,5,18,3,0,407.27,0
2023-05-19,33580,0,22.1,0,2023,5,19,4,0,1519.46,0
2023-05-20,32843,0,19.6,0,2023,5,20,5,1,1675.66,0
2023-05-21,3849,0,32.5,0,2023,5,21,6,1,118.43,0
2023-05-22,41158,0,22.4,0,2023,5,22,0,0,1837.41,0
2023-05-23,24289,0,29.4,1,2023,5,23,1,0,826.16,0
2023-05-24,45690,0,29.4,0,2023,5,24,2,0,1554.08,0
2023-05-25,36257,1,36.6,1,2023,5,25,3,0,990.63,1
2023-05-26,10823,1,28.0,0,2023,5,26,4,0,386.54,0
2023-05-27,42975,0,25.1,1,2023,5,27,5,1,1712.15,0
2023-05-28,10540,0,14.2,1,2023,5,28,6,1,742.25,0
2023-05-29,17364,0,13.5,0,2023,5,29,0,0,1286.22,0
2023-05-30,5611,0,14.6,1,2023,5,30,1,0,384.32,0
2023-05-31,28663,0,15.2,0,2023,5,31,2,0,1885.72,0
2023-06-01,39646,0,29.1,1,2023,6,1,3,0,1362.41,0
2023-06-02,31977,0,32.2,0,2023,6,2,4,0,993.07,0
2023-06-03,30168,0,25.9,0,2023,6,3,5,1,1164.79,0
2023-06-04,26471,0,34.9,0,2023,6,4,6,1,758.48,0
2023-06-05,23687,0,39.7,1,2023,6,5,0,0,596.65,0
2023-06-06,1851,0,34.6,0,2023,6,6,1,0,53.5,0
2023-06-07,19071,0,30.8,0,2023,6,7,2,0,619.19,0
2023-06-08,7833,0,26.0,1,2023,6,8,3,0,301.27,0
2023-06-09,12938,1,23.5,1,2023,6,9,4,0,550.55,1
2023-06-10,36195,0,12.5,0,2023,6,10,5,1,2895.6,0
2023-06-11,27144,0,22.0,0,2023,6,11,6,1,1233.82,0
2023-06-12,5000,0,37.3,0,2023,6,12,0,0,134.05,0
2023-06-13,6052,0,34.2,0,2023,6,13,1,0,176.96,0
2023-06-14,36506,1,16.5,0,2023,6,14,2,0,2212.48,0
2023-06-15,29074,0,24.0,1,2023,6,15,3,0,1211.42,0
2023-06-16,39155,0,34.5,0,2023,6,16,4,0,1134.93,0
2023-06-17,41770,0,12.0,0,2023,6,17,5,1,3480.83,0
2023-06-18,33320,1,21.6,0,2023,6,18,6,1,1542.59,0
2023-06-19,39304,1,35.6,0,2023,6,19,0,0,1104.04,0
2023-06-20,47247,0,22.1,0,2023,6,20,1,0,2137.87,0
2023-06-21,4913,0,12.3,0,2023,6,21,2,0,399.43,0
2023-06-22,18450,0,26.3,0,2023,6,22,3,0,701.52,0
2023-06-23,25107,0,35.9,1,2023,6,23,4,0,699.36,0
2023-06-24,21764,0,27.7,0,2023,6,24,5,1,785.7,0
2023-06-25,44404,0,16.8,1,2023,6,25,6,1,2643.1,0
2023-06-26,21491,0,21.5,1,2023,6,26,0,0,999.58,0
2023-06-27,39494,0,23.5,0,2023,6,27,1,0,1680.6,0
2023-06-28,4373,0,27.4,1,2023,6,28,2,0,159.6,0
2023-06-29,13161,0,32.8,0,2023,6,29,3,0,401.25,0
2023-06-30,32996,1,13.0,0,2023,6,30,4,0,2538.15,0
2023-07-01,28122,0,36.7,1,2023,7,1,5,1,766.27,0
2023-07-02,35850,0,10.4,0,2023,7,2,6,1,3447.12,0
2023-07-03,28350,1,21.1,0,2023,7,3,0,0,1343.6,0
2023-07-04,28472,0,10.8,1,2023,7,4,1,0,2636.3,0
2023-07-05,29761,0,21.8,0,2023,7,5,2,0,1365.18,0
2023-07-06,26351,0,25.8,0,2023,7,6,3,0,1021.36,0
2023-07-07,24132,0,25.4,1,2023,7,7,4,0,950.08,0
2023-07-08,16305,1,15.0,0,2023,7,8,5,1,1087.0,0
2023-07-09,10817,0,29.4,0,2023,7,9,6,1,367.93,0
2023-07-10,12261,0,11.3,0,2023,7,10,0,0,1085.04,0
2023-07-11,1417,0,32.9,0,2023,7,11,1,0,43.07,0
2023-07-12,42576,0,38.4,0,2023,7,12,2,0,1108.75,0
2023-07-13,21358,0,20.2,1,2023,7,13,3,0,1057.33,0
2023-07-14,4267,1,25.5,0,2023,7,14,4,0,167.33,0
2023-07-15,18209,0,21.4,0,2023,7,15,5,1,850.89,0
2023-07-16,25052,1,10.2,1,2023,7,16,6,1,2456.08,1
2023-07-17,39513,0,21.6,1,2023,7,17,0,0,1829.31,0
2023-07-18,27092,0,33.8,0,2023,7,18,1,0,801.54,0
2023-07-19,12338,0,27.9,0,2023,7,19,2,0,442.22,0
2023-07-20,1412,0,13.0,0,2023,7,20,3,0,108.62,0
2023-07-21,8543,1,35.4,0,2023,7,21,4,0,241.33,0
2023-07-22,41355,1,25.9,0,2023,7,22,5,1,1596.72,0
2023-07-23,34496,0,35.3,0,2023,7,23,6,1,977.22,0
2023-07-24,24548,0,27.4,1,2023,7,24,0,0,895.91,0
2023-07-25,28384,0,26.8,1,2023,7,25,1,0,1059.1,0
2023-07-26,45425,0,13.2,0,2023,7,26,2,0,3441.29,0
2023-07-27,39756,0,15.0,0,2023,7,27,3,0,2650.4,0
2023-07-28,19888,0,39.2,0,2023,7,28,4,0,507.35,0
2023-07-29,36735,0,16.9,0,2023,7,29,5,1,2173.67,0
2023-07-30,48295,0,39.3,0,2023,7,30,6,1,1228.88,0
2023-07-31,49816,0,26.0,1,2023,7,31,0,0,1916.0,0
2023-08-01,18506,0,14.1,0,2023,8,1,1,0,1312.48,0
2023-08-02,21463,0,13.0,0,2023,8,2,2,0,1651.0,0
2023-08-03,18955,0,16.3,1,2023,8,3,3,0,1162.88,0
2023-08-04,38841,0,37.8,0,2023,8,4,4,0,1027.54,0
2023-08-05,6104,0,22.4,0,2023,8,5,5,1,272.5,0
2023-08-06,35911,0,21.9,0,2023,8,6,6,1,1639.77,0
2023-08-07,24190,0,19.4,0,2023,8,7,0,0,1246.91,0
2023-08-08,8357,0,14.4,1,2023,8,8,1,0,580.35,0
2023-08-09,33479,0,24.6,0,2023,8,9,2,0,1360.93,0
2023-08-10,45811,0,13.9,0,2023,8,10,3,0,3295.76,0
2023-08-11,37208,0,35.1,0,2023,8,11,4,0,1060.06,0
2023-08-12,21150,1,21.1,1,2023,8,12,5,1,1002.37,1
2023-08-13,6644,0,21.2,0,2023,8,13,6,1,313.4,0
2023-08-14,44286,0,24.2,0,2023,8,14,0,0,1830.0,0
2023-08-15,48320,0,23.3,0,2023,8,15,1,0,2073.82,0
2023-08-16,3914,0,39.8,0,2023,8,16,2,0,98.34,0
2023-08-17,22352,0,26.4,0,2023,8,17,3,0,846.67,0
2023-08-18,47352,0,12.6,0,2023,8,18,4,0,3758.1,0
2023-08-19,45912,0,28.2,0,2023,8,19,5,1,1628.09,0
2023-08-20,15397,0,14.5,0,2023,8,20,6,1,1061.86,0
2023-08-21,42555,0,10.9,1,2023,8,21,0,0,3904.13,0
2023-08-22,47959,0,39.1,0,2023,8,22,1,0,1226.57,0
2023-08-23,1728,0,33.2,0,2023,8,23,2,0,52.05,0
2023-08-24,1698,0,39.4,0,2023,8,24,3,0,43.1,0
2023-08-25,40954,0,24.3,1,2023,8,25,4,0,1685.35,0
2023-08-26,48280,0,26.0,0,2023,8,26,5,1,1856.92,0
2023-08-27,14923,0,15.1,1,2023,8,27,6,1,988.28,0
2023-08-28,17779,1,17.4,1,2023,8,28,0,0,1021.78,1
2023-08-29,8400,0,35.2,0,2023,8,29,1,0,238.64,0
2023-08-30,25466,0,20.7,1,2023,8,30,2,0,1230.24,0
2023-08-31,37939,0,34.8,0,2023,8,31,3,0,1090.2,0
2023-09-01,5360,0,31.3,0,2023,9,1,4,0,171.25,0
2023-09-02,36270,0,15.3,1,2023,9,2,5,1,2370.59,0
2023-09-03,18101,0,25.2,1,2023,9,3,6,1,718.29,0
2023-09-04,33307,0,30.3,0,2023,9,4,0,0,1099.24,0
2023-09-05,6486,0,17.1,0,2023,9,5,1,0,379.3,0
2023-09-06,9335,0,34.9,0,2023,9,6,2,0,267.48,0
2023-09-07,22364,0,26.3,1,2023,9,7,3,0,850.34,0
2023-09-08,38259,0,15.0,0,2023,9,8,4,0,2550.6,0
2023-09-09,24576,0,27.5,0,2023,9,9,5,1,893.67,0
2023-09-10,32667,0,40.0,0,2023,9,10,6,1,816.68,0
2023-09-11,12130,0,14.5,0,2023,9,11,0,0,836.55,0
2023-09-12,22972,0,34.5,1,2023,9,12,1,0,665.86,0
2023-09-13,41419,1,16.2,0,2023,9,13,2,0,2556.73,0
2023-09-14,2167,0,33.5,1,2023,9,14,3,0,64.69,0
2023-09-15,28192,0,32.0,0,2023,9,15,4,0,881.0,0
2023-09-16,2062,0,19.0,1,2023,9,16,5,1,108.53,0
2023-09-17,19540,0,19.8,0,2023,9,17,6,1,986.87,0
2023-09-18,25244,0,33.8,0,2023,9,18,0,0,746.86,0
2023-09-19,22545,0,23.8,0,2023,9,19,1,0,947.27,0
2023-09-20,22689,0,31.9,0,2023,9,20,2,0,711.25,0
2023-09-21,12174,0,14.4,0,2023,9,21,3,0,845.42,0
2023-09-22,23925,0,35.6,1,2023,9,22,4,0,672.05,0
2023-09-23,38497,0,31.3,0,2023,9,23,5,1,1229.94,0
2023-09-24,10348,0,37.2,0,2023,9,24,6,1,278.17,0
2023-09-25,24714,0,14.0,0,2023,9,25,0,0,1765.29,0
2023-09-26,39102,0,27.8,0,2023,9,26,1,0,1406.55,0
2023-09-27,9924,0,28.0,0,2023,9,27,2,0,354.43,0
2023-09-28,38098,0,20.6,1,2023,9,28,3,0,1849.42,0
2023-09-29,25394,0,23.8,1,2023,9,29,4,0,1066.97,0
2023-09-30,7801,0,11.1,0,2023,9,30,5,1,702.79,0
2023-10-01,38614,0,32.4,0,2023,10,1,6,1,1191.79,0
2023-10-02,7731,0,26.5,0,2023,10,2,0,0,291.74,0
2023-10-03,49136,0,11.7,0,2023,10,3,1,0,4199.66,0
2023-10-04,24625,0,30.4,0,2023,10,4,2,0,810.03,0
2023-10-05,18337,0,24.0,0,2023,10,5,3,0,764.04,0
2023-10-06,36307,0,11.0,0,2023,10,6,4,0,3300.64,0
2023-10-07,8056,0,39.1,0,2023,10,7,5,1,206.04,0
2023-10-08,12516,1,38.5,1,2023,10,8,6,1,325.09,1
2023-10-09,45261,0,25.4,0,2023,10,9,0,0,1781.93,0
2023-10-10,2542,0,12.8,0,2023,10,10,1,0,198.59,0
2023-10-11,22677,0,32.6,0,2023,10,11,2,0,695.61,0
2023-10-12,47732,0,24.8,0,2023,10,12,3,0,1924.68,0
2023-10-13,40081,0,19.1,1,2023,10,13,4,0,2098.48,0
2023-10-14,28569,0,24.7,1,2023,10,14,5,1,1156.64,0
2023-10-15,24322,1,25.7,1,2023,10,15,6,1,946.38,1
2023-10-16,20065,0,26.9,0,2023,10,16,0,0,745.91,0
2023-10-17,18924,0,23.2,1,2023,10,17,1,0,815.69,0
2023-10-18,23556,0,28.2,0,2023,10,18,2,0,835.32,0
2023-10-19,27962,0,37.6,1,2023,10,19,3,0,743.67,0
2023-10-20,29295,0,20.9,0,2023,10,20,4,0,1401.67,0
2023-10-21,14807,0,31.8,1,2023,10,21,5,1,465.63,0
2023-10-22,43348,0,36.8,1,2023,10,22,6,1,1177.93,0
2023-10-23,27432,1,23.7,1,2023,10,23,0,0,1157.47,1
2023-10-24,18749,0,23.3,0,2023,10,24,1,0,804.68,0
2023-10-25,42459,0,28.1,0,2023,10,25,2,0,1511.0,0
2023-10-26,27256,0,27.7,1,2023,10,26,3,0,983.97,0
2023-10-27,41262,0,34.2,0,2023,10,27,4,0,1206.49,0
2023-10-28,38080,0,24.3,1,2023,10,28,5,1,1567.08,0
2023-10-29,2324,0,39.9,0,2023,10,29,6,1,58.25,0
2023-10-30,26731,0,11.8,0,2023,10,30,0,0,2265.34,0
2023-10-31,36909,0,10.1,1,2023,10,31,1,0,3654.36,0
2023-11-01,24803,0,29.2,0,2023,11,1,2,0,849.42,0
2023-11-02,20870,1,19.0,0,2023,11,2,3,0,1098.42,0
2023-11-03,35578,0,17.2,0,2023,11,3,4,0,2068.49,0
2023-11-04,7588,0,19.4,0,2023,11,4,5,1,391.13,0
2023-11-05,39069,0,17.7,1,2023,11,5,6,1,2207.29,0
2023-11-06,27790,1,10.9,0,2023,11,6,0,0,2549.54,0
2023-11-07,26289,0,39.1,1,2023,11,7,1,0,672.35,0
2023-11-08,29178,0,16.6,1,2023,11,8,2,0,1757.71,0
2023-11-09,29710,0,32.0,0,2023,11,9,3,0,928.44,0
2023-11-10,16485,0,32.9,1,2023,11,10,4,0,501.06,0
2023-11-11,45482,0,37.9,0,2023,11,11,5,1,1200.05,0
2023-11-12,21652,0,10.9,0,2023,11,12,6,1,1986.42,0
2023-11-13,5748,0,36.2,1,2023,11,13,0,0,158.78,0
2023-11-14,22233,0,25.8,0,2023,11,14,1,0,861.74,0
2023-11-15,10435,0,29.0,0,2023,11,15,2,0,359.83,0
2023-11-16,4709,0,29.3,0,2023,11,16,3,0,160.72,0
2023-11-17,31355,0,34.6,0,2023,11,17,4,0,906.21,0
2023-11-18,14116,0,20.0,0,2023,11,18,5,1,705.8,0
2023-11-19,26470,0,32.0,1,2023,11,19,6,1,827.19,0
2023-11-20,43344,0,25.9,0,2023,11,20,0,0,1673.51,0
2023-11-21,43918,0,33.8,0,2023,11,21,1,0,1299.35,0
2023-11-22,40298,1,39.7,0,2023,11,22,2,0,1015.06,0
2023-11-23,43956,0,16.0,0,2023,11,23,3,0,2747.25,0
2023-11-24,15683,0,39.8,0,2023,11,24,4,0,394.05,0
2023-11-25,1504,0,12.7,0,2023,11,25,5,1,118.43,0
2023-11-26,34982,0,10.1,0,2023,11,26,6,1,3463.56,0
2023-11-27,35299,0,11.3,0,2023,11,27,0,0,3123.81,0
2023-11-28,29016,0,20.3,0,2023,11,28,1,0,1429.36,0
2023-11-29,24960,0,29.0,0,2023,11,29,2,0,860.69,0
2023-11-30,34591,0,12.1,1,2023,11,30,3,0,2858.76,0
2023-12-01,18312,1,10.2,1,2023,12,1,4,0,1795.29,1
2023-12-02,38797,0,38.1,0,2023,12,2,5,1,1018.29,0
2023-12-03,47196,0,34.7,1,2023,12,3,6,1,1360.12,0
2023-12-04,3105,0,34.3,1,2023,12,4,0,0,90.52,0
2023-12-05,37395,0,36.5,0,2023,12,5,1,0,1024.52,0
2023-12-06,46740,0,31.0,0,2023,12,6,2,0,1507.74,0
2023-12-07,23700,0,13.1,1,2023,12,7,3,0,1809.16,0
2023-12-08,35620,1,22.0,1,2023,12,8,4,0,1619.09,1
2023-12-09,38678,0,31.7,0,2023,12,9,5,1,1220.13,0
2023-12-10,21559,0,18.4,1,2023,12,10,6,1,1171.68,0
2023-12-11,28509,1,30.6,0,2023,12,11,0,0,931.67,0
2023-12-12,28860,0,10.7,1,2023,12,12,1,0,2697.2,0
2023-12-13,12003,0,19.2,1,2023,12,13,2,0,625.16,0
2023-12-14,22732,0,26.5,0,2023,12,14,3,0,857.81,0
2023-12-15,26826,0,29.0,1,2023,12,15,4,0,925.03,0
2023-12-16,31354,1,27.3,0,2023,12,16,5,1,1148.5,0
2023-12-17,14843,0,30.9,0,2023,12,17,6,1,480.36,0
2023-12-18,45472,0,10.2,1,2023,12,18,0,0,4458.04,0
2023-12-19,49529,0,13.0,0,2023,12,19,1,0,3809.92,0
2023-12-20,7190,1,36.1,0,2023,12,20,2,0,199.17,0
2023-12-21,18640,0,30.5,0,2023,12,21,3,0,611.15,0
2023-12-22,39413,1,13.4,0,2023,12,22,4,0,2941.27,0
2023-12-23,43356,0,35.3,0,2023,12,23,5,1,1228.22,0
2023-12-24,45597,0,17.3,1,2023,12,24,6,1,2635.66,0
2023-12-25,41821,0,24.3,0,2023,12,25,0,0,1721.03,0
2023-12-26,4330,0,14.4,0,2023,12,26,1,0,300.69,0
2023-12-27,20087,0,31.3,0,2023,12,27,2,0,641.76,0
2023-12-28,42430,0,30.0,1,2023,12,28,3,0,1414.33,0
2023-12-29,25504,0,16.3,1,2023,12,29,4,0,1564.66,0
2023-12-30,8114,1,35.9,1,2023,12,30,5,1,226.02,1
2023-12-31,14323,1,22.0,1,2023,12,31,6,1,651.05,1
2024-01-01,35121,0,18.8,1,2024,1,1,0,0,1868.14,0
2024-01-02,11975,0,14.6,0,2024,1,2,1,0,820.21,0
2024-01-03,12023,0,18.0,0,2024,1,3,2,0,667.94,0
2024-01-04,22447,0,10.7,0,2024,1,4,3,0,2097.85,0
2024-01-05,25933,0,27.5,1,2024,1,5,4,0,943.02,0
2024-01-06,24959,0,35.3,1,2024,1,6,5,1,707.05,0
2024-01-07,1667,1,26.5,0,2024,1,7,6,1,62.91,0
2024-01-08,30703,0,16.6,1,2024,1,8,0,0,1849.58,0
2024-01-09,10337,1,11.0,0,2024,1,9,1,0,939.73,0
2024-01-10,47427,1,16.4,0,2024,1,10,2,0,2891.89,0
2024-01-11,37487,0,22.5,0,2024,1,11,3,0,1666.09,0
2024-01-12,20129,1,32.8,0,2024,1,12,4,0,613.69,0
2024-01-13,41251,0,15.6,0,2024,1,13,5,1,2644.29,0
2024-01-14,32921,0,31.6,0,2024,1,14,6,1,1041.8,0
2024-01-15,34307,0,36.0,0,2024,1,15,0,0,952.97,0
2024-01-16,28355,0,23.6,0,2024,1,16,1,0,1201.48,0
2024-01-17,38732,0,34.6,1,2024,1,17,2,0,1119.42,0
2024-01-18,5835,0,26.6,1,2024,1,18,3,0,219.36,0
2024-01-19,21159,0,29.1,1,2024,1,19,4,0,727.11,0
2024-01-20,39810,0,25.8,0,2024,1,20,5,1,1543.02,0
2024-01-21,48605,0,23.9,0,2024,1,21,6,1,2033.68,0
2024-01-22,41080,0,17.0,1,2024,1,22,0,0,2416.47,0
2024-01-23,39088,0,19.1,0,2024,1,23,1,0,2046.49,0
2024-01-24,14216,0,18.7,0,2024,1,24,2,0,760.21,0
2024-01-25,36547,0,26.9,0,2024,1,25,3,0,1358.62,0
2024-01-26,32471,0,13.6,0,2024,1,26,4,0,2387.57,0
2024-01-27,18308,0,37.5,0,2024,1,27,5,1,488.21,0
2024-01-28,28532,0,31.6,0,2024,1,28,6,1,902.91,0
2024-01-29,35349,0,22.0,0,2024,1,29,0,0,1606.77,0
2024-01-30,46445,0,14.8,0,2024,1,30,1,0,3138.18,0
2024-01-31,6713,0,36.5,0,2024,1,31,2,0,183.92,0
2024-02-01,5804,1,34.7,0,2024,2,1,3,0,167.26,0
2024-02-02,11136,0,31.7,0,2024,2,2,4,0,351.29,0
2024-02-03,1009,1,18.1,0,2024,2,3,5,1,55.75,0
2024-02-04,20255,0,22.1,0,2024,2,4,6,1,916.52,0
2024-02-05,24793,0,13.1,0,2024,2,5,0,0,1892.6,0
2024-02-06,30548,0,15.7,0,2024,2,6,1,0,1945.73,0
2024-02-07,38892,0,33.5,0,2024,2,7,2,0,1160.96,0
2024-02-08,2015,0,31.5,0,2024,2,8,3,0,63.97,0
2024-02-09,28712,0,27.8,1,2024,2,9,4,0,1032.81,0
2024-02-10,35961,0,36.9,0,2024,2,10,5,1,974.55,0
2024-02-11,9415,0,27.5,0,2024,2,11,6,1,342.36,0
2024-02-12,47318,0,24.0,0,2024,2,12,0,0,1971.58,0
2024-02-13,48280,0,20.2,0,2024,2,13,1,0,2390.1,0
2024-02-14,24833,0,38.2,0,2024,2,14,2,0,650.08,0
2024-02-15,5158,0,12.5,0,2024,2,15,3,0,412.64,0
2024-02-16,21309,0,37.9,1,2024,2,16,4,0,562.24,0
2024-02-17,7970,1,34.8,0,2024,2,17,5,1,229.02,0
2024-02-18,7938,0,13.9,0,2024,2,18,6,1,571.08,0
2024-02-19,22168,1,26.9,0,2024,2,19,0,0,824.09,0
2024-02-20,47540,0,36.0,1,2024,2,20,1,0,1320.56,0
2024-02-21,21384,0,27.2,0,2024,2,21,2,0,786.18,0
2024-02-22,19017,0,37.2,1,2024,2,22,3,0,511.21,0
2024-02-23,11344,0,38.3,0,2024,2,23,4,0,296.19,0
2024-02-24,41034,0,22.7,1,2024,2,24,5,1,1807.67,0
2024-02-25,9702,0,21.3,1,2024,2,25,6,1,455.49,0
2024-02-26,1384,0,38.1,0,2024,2,26,0,0,36.33,0
2024-02-27,1404,0,30.3,0,2024,2,27,1,0,46.34,0
2024-02-28,41943,0,13.5,0,2024,2,28,2,0,3106.89,0
2024-02-29,48926,1,11.3,0,2024,2,29,3,0,4329.73,0
2024-03-01,30189,0,26.9,1,2024,3,1,4,0,1122.27,0
2024-03-02,13763,0,37.9,0,2024,3,2,5,1,363.14,0
2024-03-03,19384,0,35.3,0,2024,3,3,6,1,549.12,0
2024-03-04,33606,0,30.3,0,2024,3,4,0,0,1109.11,0
2024-03-05,10860,0,14.2,1,2024,3,5,1,0,764.79,0
2024-03-06,39757,1,17.6,0,2024,3,6,2,0,2258.92,0
2024-03-07,16106,0,36.3,0,2024,3,7,3,0,443.69,0
2024-03-08,24574,0,15.5,0,2024,3,8,4,0,1585.42,0
2024-03-09,24524,0,18.4,1,2024,3,9,5,1,1332.83,0
2024-03-10,4636,1,13.9,0,2024,3,10,6,1,333.53,0
2024-03-11,11916,0,30.3,0,2024,3,11,0,0,393.27,0
2024-03-12,5809,0,38.3,0,2024,3,12,1,0,151.67,0
2024-03-13,33201,0,18.1,0,2024,3,13,2,0,1834.31,0
2024-03-14,14456,0,24.3,0,2024,3,14,3,0,594.9,0
2024-03-15,49212,0,29.0,1,2024,3,15,4,0,1696.97,0
2024-03-16,39765,1,40.0,1,2024,3,16,5,1,994.12,1
2024-03-17,35816,0,13.1,0,2024,3,17,6,1,2734.05,0
2024-03-18,46106,0,25.0,1,2024,3,18,0,0,1844.24,0
2024-03-19,18100,0,21.6,0,2024,3,19,1,0,837.96,0
2024-03-20,22949,0,36.0,1,2024,3,20,2,0,637.47,0
2024-03-21,5544,0,24.3,1,2024,3,21,3,0,228.15,0
2024-03-22,38744,0,13.3,0,2024,3,22,4,0,2913.08,0
2024-03-23,46543,0,29.0,1,2024,3,23,5,1,1604.93,0
2024-03-24,43783,0,33.1,0,2024,3,24,6,1,1322.75,0
2024-03-25,27657,0,10.1,0,2024,3,25,0,0,2738.32,0
2024-03-26,37187,0,35.8,0,2024,3,26,1,0,1038.74,0
2024-03-27,48198,0,15.6,0,2024,3,27,2,0,3089.62,0
2024-03-28,8239,0,26.6,1,2024,3,28,3,0,309.74,0
2024-03-29,15489,0,22.5,1,2024,3,29,4,0,688.4,0
2024-03-30,44125,0,31.6,0,2024,3,30,5,1,1396.36,0
2024-03-31,29538,1,21.1,1,2024,3,31,6,1,1399.91,1
2024-04-01,33049,0,36.1,1,2024,4,1,0,0,915.48,0
2024-04-02,38131,0,31.9,0,2024,4,2,1,0,1195.33,0
2024-04-03,43944,0,29.4,0,2024,4,3,2,0,1494.69,0
2024-04-04,9427,0,33.9,0,2024,4,4,3,0,278.08,0
2024-04-05,42348,0,32.6,0,2024,4,5,4,0,1299.02,0
2024-04-06,25285,1,11.1,1,2024,4,6,5,1,2277.93,1
2024-04-07,38626,0,21.8,0,2024,4,7,6,1,1771.83,0
2024-04-08,43808,0,37.9,1,2024,4,8,0,0,1155.88,0
2024-04-09,23928,0,13.8,0,2024,4,9,1,0,1733.91,0
2024-04-10,20198,0,32.1,0,2024,4,10,2,0,629.22,0
2024-04-11,20758,0,39.2,0,2024,4,11,3,0,529.54,0
2024-04-12,16254,0,11.6,0,2024,4,12,4,0,1401.21,0
2024-04-13,45238,0,30.5,0,2024,4,13,5,1,1483.21,0
2024-04-14,2252,1,24.0,0,2024,4,14,6,1,93.83,0
2024-04-15,40764,0,27.4,0,2024,4,15,0,0,1487.74,0
2024-04-16,13173,0,12.6,0,2024,4,16,1,0,1045.48,0
2024-04-17,38441,0,11.3,0,2024,4,17,2,0,3401.86,0
2024-04-18,27698,0,30.0,1,2024,4,18,3,0,923.27,0
2024-04-19,16781,0,34.7,0,2024,4,19,4,0,483.6,0
2024-04-20,14051,0,33.5,0,2024,4,20,5,1,419.43,0
2024-04-21,40649,0,26.3,0,2024,4,21,6,1,1545.59,0
2024-04-22,7949,0,13.0,0,2024,4,22,0,0,611.46,0
2024-04-23,43289,0,30.6,1,2024,4,23,1,0,1414.67,0
2024-04-24,9017,0,17.3,0,2024,4,24,2,0,521.21,0
2024-04-25,7941,0,37.3,0,2024,4,25,3,0,212.9,0
2024-04-26,26934,0,35.1,1,2024,4,26,4,0,767.35,0
2024-04-27,24386,0,31.3,0,2024,4,27,5,1,779.11,0
2024-04-28,11209,0,38.5,0,2024,4,28,6,1,291.14,0
2024-04-29,18715,0,10.9,0,2024,4,29,0,0,1716.97,0
2024-04-30,29920,0,32.1,0,2024,4,30,1,0,932.09,0
2024-05-01,32703,0,19.9,0,2024,5,1,2,0,1643.37,0
2024-05-02,43318,0,37.2,0,2024,5,2,3,0,1164.46,0
2024-05-03,5637,0,18.0,1,2024,5,3,4,0,313.17,0
2024-05-04,5854,0,31.7,1,2024,5,4,5,1,184.67,0
2024-05-05,44088,0,36.3,0,2024,5,5,6,1,1214.55,0
2024-05-06,38660,0,11.2,0,2024,5,6,0,0,3451.79,0
2024-05-07,40811,1,21.9,1,2024,5,7,1,0,1863.52,1
2024-05-08,20856,0,32.9,0,2024,5,8,2,0,633.92,0
2024-05-09,22833,0,23.6,1,2024,5,9,3,0,967.5,0
2024-05-10,20963,0,18.0,1,2024,5,10,4,0,1164.61,0
2024-05-11,37932,0,16.6,1,2024,5,11,5,1,2285.06,0
2024-05-12,28169,0,13.9,0,2024,5,12,6,1,2026.55,0
2024-05-13,8941,0,35.7,0,2024,5,13,0,0,250.45,0
2024-05-14,15388,0,27.3,0,2024,5,14,1,0,563.66,0
2024-05-15,6569,0,12.3,1,2024,5,15,2,0,534.07,0
2024-05-16,5300,0,21.5,0,2024,5,16,3,0,246.51,0
2024-05-17,40037,0,21.0,1,2024,5,17,4,0,1906.52,0
2024-05-18,37586,0,15.5,0,2024,5,18,5,1,2424.9,0
2024-05-19,13015,0,23.1,0,2024,5,19,6,1,563.42,0
2024-05-20,46002,0,20.0,0,2024,5,20,0,0,2300.1,0
2024-05-21,7254,0,20.3,0,2024,5,21,1,0,357.34,0
2024-05-22,18144,0,32.2,0,2024,5,22,2,0,563.48,0
2024-05-23,25214,0,16.7,0,2024,5,23,3,0,1509.82,0
2024-05-24,41118,0,29.3,1,2024,5,24,4,0,1403.34,0
2024-05-25,16183,0,27.1,0,2024,5,25,5,1,597.16,0
2024-05-26,7238,0,27.0,0,2024,5,26,6,1,268.07,0
2024-05-27,7090,0,29.9,0,2024,5,27,0,0,237.12,0
2024-05-28,12637,0,26.5,1,2024,5,28,1,0,476.87,0
2024-05-29,23415,0,36.4,1,2024,5,29,2,0,643.27,0
2024-05-30,25071,1,30.3,0,2024,5,30,3,0,827.43,0
2024-05-31,46415,0,26.4,1,2024,5,31,4,0,1758.14,0
2024-06-01,43679,0,34.9,1,2024,6,1,5,1,1251.55,0
2024-06-02,42240,0,28.2,0,2024,6,2,6,1,1497.87,0
2024-06-03,19271,0,18.7,0,2024,6,3,0,0,1030.53,0
2024-06-04,37034,1,16.2,0,2024,6,4,1,0,2286.05,0
2024-06-05,34434,0,14.6,0,2024,6,5,2,0,2358.49,0
2024-06-06,5188,0,37.0,1,2024,6,6,3,0,140.22,0
2024-06-07,11161,0,31.3,0,2024,6,7,4,0,356.58,0
2024-06-08,29732,0,38.1,1,2024,6,8,5,1,780.37,0
2024-06-09,12314,0,28.1,0,2024,6,9,6,1,438.22,0
2024-06-10,24954,0,24.2,0,2024,6,10,0,0,1031.16,0
2024-06-11,22508,0,11.8,0,2024,6,11,1,0,1907.46,0
2024-06-12,22969,0,30.1,0,2024,6,12,2,0,763.09,0
2024-06-13,46659,1,27.5,1,2024,6,13,3,0,1696.69,1
2024-06-14,38545,0,39.7,1,2024,6,14,4,0,970.91,0
2024-06-15,37668,0,17.2,0,2024,6,15,5,1,2190.0,0
2024-06-16,24061,0,25.9,0,2024,6,16,6,1,929.0,0
2024-06-17,14716,1,29.5,0,2024,6,17,0,0,498.85,0
2024-06-18,40749,0,29.3,0,2024,6,18,1,0,1390.75,0
2024-06-19,40144,0,26.8,0,2024,6,19,2,0,1497.91,0
2024-06-20,17907,0,33.3,0,2024,6,20,3,0,537.75,0
2024-06-21,19777,0,16.1,0,2024,6,21,4,0,1228.39,0
2024-06-22,28693,0,31.8,1,2024,6,22,5,1,902.3,0
2024-06-23,43928,0,28.6,0,2024,6,23,6,1,1535.94,0
2024-06-24,27329,0,36.9,0,2024,6,24,0,0,740.62,0
2024-06-25,47892,0,35.4,0,2024,6,25,1,0,1352.88,0
2024-06-26,17282,1,19.5,0,2024,6,26,2,0,886.26,0
2024-06-27,24624,0,18.3,0,2024,6,27,3,0,1345.57,0
2024-06-28,24321,0,39.4,1,2024,6,28,4,0,617.28,0
2024-06-29,11488,0,25.8,1,2024,6,29,5,1,445.27,0
2024-06-30,23574,0,37.2,0,2024,6,30,6,1,633.71,0
2024-07-01,6240,0,14.9,0,2024,7,1,0,0,418.79,0
2024-07-02,44221,0,29.3,0,2024,7,2,1,0,1509.25,0
2024-07-03,11478,0,34.3,1,2024,7,3,2,0,334.64,0
2024-07-04,46162,0,38.4,0,2024,7,4,3,0,1202.14,0
2024-07-05,20262,0,20.1,0,2024,7,5,4,0,1008.06,0
2024-07-06,5432,0,31.7,0,2024,7,6,5,1,171.36,0
2024-07-07,30721,0,26.2,0,2024,7,7,6,1,1172.56,0
2024-07-08,14568,0,11.8,0,2024,7,8,0,0,1234.58,0
2024-07-09,15178,0,30.7,1,2024,7,9,1,0,494.4,0
2024-07-10,23195,1,30.7,0,2024,7,10,2,0,755.54,0
2024-07-11,1302,1,37.9,0,2024,7,11,3,0,34.35,0
2024-07-12,18022,0,24.9,0,2024,7,12,4,0,723.78,0
2024-07-13,1055,0,16.9,1,2024,7,13,5,1,62.43,0
2024-07-14,46781,0,11.3,1,2024,7,14,6,1,4139.91,0
2024-07-15,9717,0,22.5,0,2024,7,15,0,0,431.87,0
2024-07-16,29699,0,19.1,1,2024,7,16,1,0,1554.92,0
2024-07-17,9150,0,32.8,0,2024,7,17,2,0,278.96,0
2024-07-18,3125,0,20.6,0,2024,7,18,3,0,151.7,0
2024-07-19,45247,0,38.5,0,2024,7,19,4,0,1175.25,0
2024-07-20,49513,0,38.9,0,2024,7,20,5,1,1272.83,0
2024-07-21,17748,0,28.6,0,2024,7,21,6,1,620.56,0
2024-07-22,40577,0,37.9,0,2024,7,22,0,0,1070.63,0
2024-07-23,5621,0,32.8,0,2024,7,23,1,0,171.37,0
2024-07-24,16034,0,26.4,1,2024,7,24,2,0,607.35,0
2024-07-25,47391,0,15.4,0,2024,7,25,3,0,3077.34,0
2024-07-26,6126,0,23.8,0,2024,7,26,4,0,257.39,0
2024-07-27,6122,0,26.8,0,2024,7,27,5,1,228.43,0
2024-07-28,19030,0,35.9,1,2024,7,28,6,1,530.08,0
2024-07-29,18302,0,24.4,0,2024,7,29,0,0,750.08,0
2024-07-30,20181,0,36.9,0,2024,7,30,1,0,546.91,0
2024-07-31,39638,1,30.2,1,2024,7,31,2,0,1312.52,1
2024-08-01,2531,0,14.1,0,2024,8,1,3,0,179.5,0
2024-08-02,41940,1,39.8,0,2024,8,2,4,0,1053.77,0
2024-08-03,41441,0,25.8,1,2024,8,3,5,1,1606.24,0
2024-08-04,24333,0,21.8,0,2024,8,4,6,1,1116.19,0
2024-08-05,40650,0,29.8,0,2024,8,5,0,0,1364.09,0
2024-08-06,35674,0,13.3,0,2024,8,6,1,0,2682.26,0
2024-08-07,36854,0,29.1,0,2024,8,7,2,0,1266.46,0
2024-08-08,47271,1,24.9,0,2024,8,8,3,0,1898.43,0
2024-08-09,9152,0,22.2,0,2024,8,9,4,0,412.25,0
2024-08-10,39518,0,38.6,0,2024,8,10,5,1,1023.78,0
2024-08-11,46540,1,25.7,0,2024,8,11,6,1,1810.89,0
2024-08-12,11267,0,16.6,1,2024,8,12,0,0,678.73,0
2024-08-13,26289,0,23.8,0,2024,8,13,1,0,1104.58,0
2024-08-14,2062,0,37.6,0,2024,8,14,2,0,54.84,0
2024-08-15,30926,0,15.3,1,2024,8,15,3,0,2021.31,0
2024-08-16,7229,0,16.4,0,2024,8,16,4,0,440.79,0
2024-08-17,48915,0,10.4,0,2024,8,17,5,1,4703.37,0
2024-08-18,5632,0,10.4,1,2024,8,18,6,1,541.54,0
2024-08-19,40056,0,34.9,0,2024,8,19,0,0,1147.74,0
2024-08-20,4596,0,32.0,0,2024,8,20,1,0,143.62,0
2024-08-21,45243,0,20.7,1,2024,8,21,2,0,2185.65,0
2024-08-22,7168,1,30.9,0,2024,8,22,3,0,231.97,0
2024-08-23,43563,1,21.9,0,2024,8,23,4,0,1989.18,0
2024-08-24,8561,0,38.6,0,2024,8,24,5,1,221.79,0
2024-08-25,9258,1,39.0,0,2024,8,25,6,1,237.38,0
2024-08-26,17616,0,21.8,0,2024,8,26,0,0,808.07,0
2024-08-27,27734,0,35.6,1,2024,8,27,1,0,779.04,0
2024-08-28,7371,0,33.2,0,2024,8,28,2,0,222.02,0
2024-08-29,27069,0,19.3,1,2024,8,29,3,0,1402.54,0
2024-08-30,15369,0,17.0,0,2024,8,30,4,0,904.06,0
2024-08-31,13910,0,23.7,1,2024,8,31,5,1,586.92,0
2024-09-01,8943,0,33.4,1,2024,9,1,6,1,267.75,0
2024-09-02,13199,0,38.8,0,2024,9,2,0,0,340.18,0
2024-09-03,16728,0,32.9,0,2024,9,3,1,0,508.45,0
2024-09-04,24275,0,35.7,0,2024,9,4,2,0,679.97,0
2024-09-05,7738,0,28.1,0,2024,9,5,3,0,275.37,0
2024-09-06,16913,0,35.1,1,2024,9,6,4,0,481.85,0
2024-09-07,36240,0,33.5,1,2024,9,7,5,1,1081.79,0
2024-09-08,20123,0,21.3,0,2024,9,8,6,1,944.74,0
2024-09-09,49447,0,26.6,0,2024,9,9,0,0,1858.91,0
2024-09-10,35529,0,34.1,0,2024,9,10,1,0,1041.91,0
2024-09-11,11167,0,11.4,0,2024,9,11,2,0,979.56,0
2024-09-12,11554,0,34.2,0,2024,9,12,3,0,337.84,0
2024-09-13,18260,0,15.3,1,2024,9,13,4,0,1193.46,0
2024-09-14,48045,0,25.4,1,2024,9,14,5,1,1891.54,0
2024-09-15,4812,0,34.2,0,2024,9,15,6,1,140.7,0
2024-09-16,29024,0,17.6,0,2024,9,16,0,0,1649.09,0
2024-09-17,28285,0,17.4,0,2024,9,17,1,0,1625.57,0
2024-09-18,27900,0,22.1,0,2024,9,18,2,0,1262.44,0
2024-09-19,2605,0,36.8,0,2024,9,19,3,0,70.79,0
2024-09-20,6622,0,10.0,0,2024,9,20,4,0,662.2,0
2024-09-21,7767,0,37.0,1,2024,9,21,5,1,209.92,0
2024-09-22,28139,0,14.6,0,2024,9,22,6,1,1927.33,0
2024-09-23,12613,0,39.7,0,2024,9,23,0,0,317.71,0
2024-09-24,11589,0,38.6,1,2024,9,24,1,0,300.23,0
2024-09-25,14918,0,24.8,1,2024,9,25,2,0,601.53,0
2024-09-26,21119,0,25.4,0,2024,9,26,3,0,831.46,0
2024-09-27,28446,0,24.4,0,2024,9,27,4,0,1165.82,0
2024-09-28,14046,0,29.1,0,2024,9,28,5,1,482.68,0
2024-09-29,25818,0,12.7,1,2024,9,29,6,1,2032.91,0
2024-09-30,36358,0,11.0,1,2024,9,30,0,0,3305.27,0
2024-10-01,5324,1,11.7,0,2024,10,1,1,0,455.04,0
2024-10-02,11787,0,23.3,0,2024,10,2,2,0,505.88,0
2024-10-03,10111,0,18.3,1,2024,10,3,3,0,552.51,0
2024-10-04,39110,0,28.7,0,2024,10,4,4,0,1362.72,0
2024-10-05,17389,0,39.8,0,2024,10,5,5,1,436.91,0
2024-10-06,42427,0,21.6,0,2024,10,6,6,1,1964.21,0
2024-10-07,15043,0,27.2,0,2024,10,7,0,0,553.05,0
2024-10-08,29746,0,22.5,0,2024,10,8,1,0,1322.04,0
2024-10-09,23350,0,35.4,1,2024,10,9,2,0,659.6,0
2024-10-10,42605,0,37.1,1,2024,10,10,3,0,1148.38,0
2024-10-11,1117,0,36.3,0,2024,10,11,4,0,30.77,0
2024-10-12,47685,0,39.2,0,2024,10,12,5,1,1216.45,0
2024-10-13,19935,0,10.8,0,2024,10,13,6,1,1845.83,0
2024-10-14,48077,0,35.2,0,2024,10,14,0,0,1365.82,0
2024-10-15,14234,0,32.6,0,2024,10,15,1,0,436.63,0
2024-10-16,39328,0,16.9,1,2024,10,16,2,0,2327.1,0
2024-10-17,1846,0,38.7,0,2024,10,17,3,0,47.7,0
2024-10-18,11954,0,14.4,0,2024,10,18,4,0,830.14,0
2024-10-19,14703,0,30.4,0,2024,10,19,5,1,483.65,0
2024-10-20,49153,0,16.7,1,2024,10,20,6,1,2943.29,0
2024-10-21,47514,0,22.9,1,2024,10,21,0,0,2074.85,0
2024-10-22,23700,0,31.6,1,2024,10,22,1,0,750.0,0
2024-10-23,33043,1,26.9,1,2024,10,23,2,0,1228.36,1
2024-10-24,7469,0,22.8,0,2024,10,24,3,0,327.59,0
2024-10-25,31105,0,19.8,0,2024,10,25,4,0,1570.96,0
2024-10-26,43101,0,35.2,0,2024,10,26,5,1,1224.46,0
2024-10-27,27386,0,14.3,0,2024,10,27,6,1,1915.1,0
2024-10-28,46587,1,22.9,0,2024,10,28,0,0,2034.37,0
2024-10-29,37976,0,37.1,0,2024,10,29,1,0,1023.61,0
2024-10-30,40051,1,35.4,0,2024,10,30,2,0,1131.38,0
2024-10-31,3048,0,22.0,0,2024,10,31,3,0,138.55,0
2024-11-01,40001,0,32.9,0,2024,11,1,4,0,1215.84,0
2024-11-02,13941,0,34.7,1,2024,11,2,5,1,401.76,0
2024-11-03,46375,1,36.7,0,2024,11,3,6,1,1263.62,0
2024-11-04,43533,0,26.3,0,2024,11,4,0,0,1655.25,0
2024-11-05,2828,0,16.1,0,2024,11,5,1,0,175.65,0
2024-11-06,2917,0,17.7,0,2024,11,6,2,0,164.8,0
2024-11-07,21618,1,18.9,0,2024,11,7,3,0,1143.81,0
2024-11-08,33254,0,27.8,0,2024,11,8,4,0,1196.19,0
2024-11-09,40756,0,11.0,0,2024,11,9,5,1,3705.09,0
2024-11-10,48362,0,29.1,0,2024,11,10,6,1,1661.92,0
2024-11-11,21128,0,20.9,0,2024,11,11,0,0,1010.91,0
2024-11-12,46745,0,18.9,0,2024,11,12,1,0,2473.28,0
2024-11-13,1009,0,36.4,0,2024,11,13,2,0,27.72,0
2024-11-14,17644,0,23.8,0,2024,11,14,3,0,741.34,0
2024-11-15,23422,1,12.9,0,2024,11,15,4,0,1815.66,0
2024-11-16,10865,0,34.8,0,2024,11,16,5,1,312.21,0
2024-11-17,3219,1,11.4,0,2024,11,17,6,1,282.37,0
2024-11-18,40809,0,31.8,0,2024,11,18,0,0,1283.3,0
2024-11-19,6287,1,33.2,0,2024,11,19,1,0,189.37,0
2024-11-20,35387,0,20.6,0,2024,11,20,2,0,1717.82,0
2024-11-21,9512,0,34.7,1,2024,11,21,3,0,274.12,0
2024-11-22,2342,0,25.5,1,2024,11,22,4,0,91.84,0
2024-11-23,44336,0,23.9,1,2024,11,23,5,1,1855.06,0
2024-11-24,20216,0,11.4,0,2024,11,24,6,1,1773.33,0
2024-11-25,28534,0,18.7,0,2024,11,25,0,0,1525.88,0
2024-11-26,15231,0,37.9,0,2024,11,26,1,0,401.87,0
2024-11-27,33293,0,21.8,0,2024,11,27,2,0,1527.2,0
2024-11-28,27614,0,26.4,0,2024,11,28,3,0,1045.98,0
2024-11-29,37258,0,26.0,0,2024,11,29,4,0,1433.0,0
2024-11-30,29253,0,27.7,1,2024,11,30,5,1,1056.06,0
2024-12-01,43078,1,11.8,0,2024,12,1,6,1,3650.68,0
2024-12-02,41752,1,20.9,1,2024,12,2,0,0,1997.7,1
2024-12-03,18988,1,31.7,0,2024,12,3,1,0,598.99,0
2024-12-04,32037,0,16.0,0,2024,12,4,2,0,2002.31,0
2024-12-05,13219,0,16.1,0,2024,12,5,3,0,821.06,0
2024-12-06,1235,0,10.3,0,2024,12,6,4,0,119.9,0
2024-12-07,43929,0,23.1,1,2024,12,7,5,1,1901.69,0
2024-12-08,2908,0,36.5,0,2024,12,8,6,1,79.67,0
2024-12-09,9567,0,11.6,0,2024,12,9,0,0,824.74,0
2024-12-10,37298,0,15.7,1,2024,12,10,1,0,2375.67,0
2024-12-11,6256,0,19.3,0,2024,12,11,2,0,324.15,0
2024-12-12,20019,0,32.0,1,2024,12,12,3,0,625.59,0
2024-12-13,9162,1,29.2,0,2024,12,13,4,0,313.77,0
2024-12-14,6415,0,22.5,0,2024,12,14,5,1,285.11,0
2024-12-15,37159,0,32.8,0,2024,12,15,6,1,1132.9,0
2024-12-16,44925,1,28.3,0,2024,12,16,0,0,1587.46,0
2024-12-17,6951,0,36.9,0,2024,12,17,1,0,188.37,0
2024-12-18,22852,0,34.5,0,2024,12,18,2,0,662.38,0
2024-12-19,9007,0,17.6,1,2024,12,19,3,0,511.76,0
2024-12-20,42832,0,18.1,1,2024,12,20,4,0,2366.41,0
2024-12-21,31523,0,13.8,0,2024,12,21,5,1,2284.28,0
2024-12-22,24325,1,20.1,0,2024,12,22,6,1,1210.2,0
2024-12-23,22204,0,40.0,0,2024,12,23,0,0,555.1,0
2024-12-24,16524,1,22.2,0,2024,12,24,1,0,744.32,0
2024-12-25,20282,0,16.6,0,2024,12,25,2,0,1221.81,0
2024-12-26,24930,0,32.9,0,2024,12,26,3,0,757.75,0
2024-12-27,1077,0,26.3,0,2024,12,27,4,0,40.95,0
2024-12-28,41345,0,14.5,0,2024,12,28,5,1,2851.38,0
2024-12-29,21611,0,21.4,1,2024,12,29,6,1,1009.86,0
2024-12-30,17984,1,22.4,0,2024,12,30,0,0,802.86,0
2024-12-31,15060,0,32.6,0,2024,12,31,1,0,461.96,0
2025-01-01,18449,0,10.6,0,2025,1,1,2,0,1740.47,0
2025-01-02,19520,0,18.1,0,2025,1,2,3,0,1078.45,0
2025-01-03,44303,0,25.5,0,2025,1,3,4,0,1737.37,0
2025-01-04,10510,0,18.1,0,2025,1,4,5,1,580.66,0
